HPA,Num_Missing,Percentage_Missing,Var_Intensity
HPA029198_SBA1_rep1,25,0.08305647840531562,0.0029389362433254167
HPA047839_SBA1_rep1,3,0.009966777408637873,0.006869027960608922
HPA029005_SBA1_rep1,1,0.0033222591362126247,0.006889350835425065
HPA049793_SBA1_rep1,2,0.006644518272425249,0.061084448605314326
HPA014245_SBA1_rep1,1,0.0033222591362126247,0.002609530389195908
HPA053793_SBA1_rep1,3,0.009966777408637873,0.00339177745553983
HPA059859_SBA1_rep1,25,0.08305647840531562,0.01356993603031943
HPA038097_SBA1_rep1,2,0.006644518272425249,0.00971627818056732
HPA061383_SBA1_rep1,43,0.14285714285714285,0.004417492070776903
HPA039325_SBA1_rep1,3,0.009966777408637873,0.008475720102312099
HPA041222_SBA1_rep1,10,0.03322259136212625,0.06414585771215711
HPA028906_SBA1_rep1,1,0.0033222591362126247,0.028840600355847523
HPA029635_SBA1_rep1,1,0.0033222591362126247,0.0016871048915808279
HPA064978_SBA1_rep1,1,0.0033222591362126247,0.0022607405049686474
HPA030868_SBA1_rep1,1,0.0033222591362126247,0.0019486569174816733
HPA068399_SBA1_rep1,1,0.0033222591362126247,0.0034545814477737933
HPA017916_SBA1_rep1,1,0.0033222591362126247,0.0031790459855636755
HPA036540_SBA1_rep1,1,0.0033222591362126247,0.006899781012827859
HPA037645_SBA1_rep1,1,0.0033222591362126247,0.004462969539252644
HPA074638_SBA1_rep1,2,0.006644518272425249,0.007896855808125514
HPA035982_SBA1_rep1,6,0.019933554817275746,0.010065625995396371
HPA040264_SBA1_rep1,1,0.0033222591362126247,0.004255556359238255
HPA048684_SBA1_rep1,2,0.006644518272425249,0.00564377432776329
HPA051856_SBA1_rep1,1,0.0033222591362126247,0.020420009788053445
HPA029304_SBA1_rep1,1,0.0033222591362126247,0.0046181719418122245
HPA029698_SBA1_rep1,9,0.029900332225913623,0.005751299939649589
HPA029058_SBA1_rep1,2,0.006644518272425249,0.010163696331634178
HPA035241_SBA1_rep1,2,0.006644518272425249,0.014349016405726788
HPA030929_SBA1_rep1,2,0.006644518272425249,0.005418888035367996
HPA005537_SBA1_rep1,1,0.0033222591362126247,0.0571611432762166
HPA053928_SBA1_rep1,11,0.036544850498338874,0.004442294717364163
HPA037756_SBA1_rep1,1,0.0033222591362126247,0.006745356229650707
HPA038892_SBA1_rep1,2,0.006644518272425249,0.0040949208951884565
HPA040692_SBA1_rep1,1,0.0033222591362126247,0.010704951823073695
HPA050069_SBA1_rep1,9,0.029900332225913623,0.010416007828650334
HPA030278_SBA1_rep1,2,0.006644518272425249,0.004510984214236493
HPA030048_SBA1_rep1,2,0.006644518272425249,0.006929626683861203
HPA001079_SBA1_rep1,1,0.0033222591362126247,0.00450716332862928
HPA028971_SBA1_rep1,1,0.0033222591362126247,0.0034984517189693004
HPA034607_SBA1_rep1,1,0.0033222591362126247,0.012418077850703797
HPA036107_SBA1_rep1,1,0.0033222591362126247,0.008280407713425798
HPA036302_SBA1_rep1,1,0.0033222591362126247,0.0034620862152010714
HPA034631_SBA1_rep1,2,0.006644518272425249,0.0027124716350343365
HPA038515_SBA1_rep1,3,0.009966777408637873,0.008125851270356059
HPA039291_SBA1_rep1,2,0.006644518272425249,0.005880362663864197
HPA016607_SBA1_rep1,1,0.0033222591362126247,0.10428982058864329
HPA041602_SBA1_rep1,1,0.0033222591362126247,0.003943843581007594
HPA056108_SBA1_rep1,2,0.006644518272425249,0.007806061767091816
HPA031265_SBA1_rep1,1,0.0033222591362126247,0.0028517637908768378
HPA030582_SBA1_rep1,1,0.0033222591362126247,0.011208093746720252
HPA003628_SBA1_rep1,2,0.006644518272425249,0.004462194490994387
HPA000898_SBA1_rep1,1,0.0033222591362126247,0.0032750805975974365
HPA031966_SBA1_rep1,1,0.0033222591362126247,0.00393191431237063
HPA059667_SBA1_rep1,1,0.0033222591362126247,0.005978875721361711
HPA061424_SBA1_rep1,1,0.0033222591362126247,0.012857870960488476
HPA037603_SBA1_rep1,1,0.0033222591362126247,0.05438206759669247
HPA039363_SBA1_rep1,1,0.0033222591362126247,0.010556820781562126
HPA040323_SBA1_rep1,2,0.006644518272425249,0.008416774537250014
HPA030420_SBA1_rep1,3,0.009966777408637873,0.0072285477416169286
HPA068400_SBA1_rep1,17,0.05647840531561462,0.01066786168983344
HPA030689_SBA1_rep1,9,0.029900332225913623,0.024455627447838624
HPA003903_SBA1_rep1,14,0.046511627906976744,0.005611039416526224
HPA001328_SBA1_rep1,47,0.15614617940199335,0.012761317565915862
HPA030899_SBA1_rep1,2,0.006644518272425249,0.019903831648010187
HPA036647_SBA1_rep1,17,0.05647840531561462,0.007570572915878847
HPA071177_SBA1_rep1,21,0.06976744186046512,0.006860817322138174
HPA075088_SBA1_rep1,2,0.006644518272425249,0.008475027374020935
HPA059367_SBA1_rep1,2,0.006644518272425249,0.014473528808574058
HPA048592_SBA1_rep1,2,0.006644518272425249,0.005973258856139688
HPA063737_SBA1_rep1,2,0.006644518272425249,0.004792161551264514
HPA064954_SBA1_rep1,1,0.0033222591362126247,0.002854577375680021
HPA066229_SBA1_rep1,3,0.009966777408637873,0.012707845667138139
HPA068768_SBA1_rep1,158,0.5249169435215947,0.047618544960861
HPA069515_SBA1_rep1,52,0.17275747508305647,0.012232093752105577
HPA050459_SBA1_rep1,2,0.006644518272425249,0.003475614317818999
HPA056838_SBA1_rep1,2,0.006644518272425249,0.006288643611844953
HPA059806_SBA1_rep1,269,0.893687707641196,0.07105679556483711
HPA001818_SBA1_rep1,90,0.29900332225913623,0.00843205435553204
HPA057792_SBA1_rep1,2,0.006644518272425249,0.0038533675404783256
HPA004182_SBA1_rep1,1,0.0033222591362126247,0.004604610525066539
HPA017959_SBA1_rep1,1,0.0033222591362126247,0.00427280648057891
HPA063793_SBA1_rep1,1,0.0033222591362126247,0.010729946875619912
HPA064946_SBA1_rep1,1,0.0033222591362126247,0.004625048228873724
HPA066703_SBA1_rep1,1,0.0033222591362126247,0.02734166345639568
HPA069327_SBA1_rep1,2,0.006644518272425249,0.0036109287720144556
HPA007119_SBA1_rep1,1,0.0033222591362126247,0.0025232238508960656
HPA070841_SBA1_rep1,3,0.009966777408637873,0.003944355484320662
HPA069474_SBA1_rep1,2,0.006644518272425249,0.0036096493199434263
HPA006360_SBA1_rep1,106,0.3521594684385382,0.004865678093319731
HPA066095_SBA1_rep1,6,0.019933554817275746,0.007489974748100098
HPA071883_SBA1_rep1,2,0.006644518272425249,0.004310095258724888
HPA062683_SBA1_rep1,2,0.006644518272425249,0.0374981033675958
HPA075911_SBA1_rep1,3,0.009966777408637873,0.027518014081551283
HPA012047_SBA1_rep1,1,0.0033222591362126247,0.004629370648072642
HPA066795_SBA1_rep1,2,0.006644518272425249,0.004542487532998889
HPA069320_SBA1_rep1,2,0.006644518272425249,0.0017327352070329975
HPA068951_SBA1_rep1,2,0.006644518272425249,0.018774455154829926
HPA072123_SBA1_rep1,3,0.009966777408637873,0.00400755808763618
HPA067760_SBA1_rep1,1,0.0033222591362126247,0.00484455311369027
HPA075175_SBA1_rep1,4,0.013289036544850499,0.021696126353977517
HPA001914_SBA1_rep1,2,0.006644518272425249,0.0029195929794726457
HPA053905_SBA1_rep1,2,0.006644518272425249,0.00339869280304202
HPA060030_SBA1_rep1,1,0.0033222591362126247,0.003912239021922876
HPA063011_SBA1_rep1,1,0.0033222591362126247,0.0028689019635644224
HPA064207_SBA1_rep1,2,0.006644518272425249,0.013142520637615198
HPA004749_SBA1_rep1,1,0.0033222591362126247,0.002469160524451922
HPA066836_SBA1_rep1,1,0.0033222591362126247,0.014656563003909268
HPA050392_SBA1_rep1,2,0.006644518272425249,0.0046052577495079745
HPA069609_SBA1_rep1,2,0.006644518272425249,0.0036592404259520902
HPA072453_SBA1_rep1,3,0.009966777408637873,0.010014181468510857
HPA073138_SBA1_rep1,1,0.0033222591362126247,0.004062619892951673
HPA077546_SBA1_rep1,3,0.009966777408637873,0.02182139962395442
HPA052621_SBA1_rep1,2,0.006644518272425249,0.010385508641952942
HPA003941_SBA1_rep1,1,0.0033222591362126247,0.0030064695914266363
HPA054811_SBA1_rep1,1,0.0033222591362126247,0.0035250369791858267
HPA040652_SBA1_rep1,30,0.09966777408637874,0.010767286750883086
HPA062890_SBA1_rep1,1,0.0033222591362126247,0.0032492518436270704
HPA006554_SBA1_rep1,2,0.006644518272425249,0.003222485950758897
HPA063142_SBA1_rep1,1,0.0033222591362126247,0.004096503108906528
HPA067430_SBA1_rep1,1,0.0033222591362126247,0.006583257229036384
HPA007305_SBA1_rep1,2,0.006644518272425249,0.005925132125153044
HPA070467_SBA1_rep1,4,0.013289036544850499,0.003354203548956767
HPA066302_SBA1_rep1,2,0.006644518272425249,0.016854557830426522
HPA068925_SBA1_rep1,1,0.0033222591362126247,0.005440458381213517
HPA077678_SBA1_rep1,59,0.19601328903654486,0.02283016563440177
HPA057142_SBA1_rep1,9,0.029900332225913623,0.012116517177596726
HPA068812_SBA1_rep1,4,0.013289036544850499,0.007211121653516174
HPA061223_SBA1_rep1,2,0.006644518272425249,0.01713238616476402
HPA063247_SBA1_rep1,2,0.006644518272425249,0.004626143578494838
HPA063202_SBA1_rep1,1,0.0033222591362126247,0.0061356058680332864
HPA017917_SBA1_rep1,2,0.006644518272425249,0.015995997061581033
HPA067889_SBA1_rep1,4,0.013289036544850499,0.0028021961725477286
HPA077243_SBA1_rep1,3,0.009966777408637873,0.037596337654550616
HPA007494_SBA1_rep1,2,0.006644518272425249,0.00607802413257266
HPA050811_SBA1_rep1,2,0.006644518272425249,0.039367517559440734
HPA029207_SBA1_rep1,2,0.006644518272425249,0.0022668770915190714
HPA031162_SBA1_rep1,1,0.0033222591362126247,0.013724495862712023
HPA052799_SBA1_rep1,1,0.0033222591362126247,0.0022978650516144996
HPA015601_SBA1_rep1,1,0.0033222591362126247,0.009648256190516003
HPA034492_SBA1_rep1,1,0.0033222591362126247,0.02720657545838381
HPA039227_SBA1_rep1,2,0.006644518272425249,0.005628754977410704
HPA039695_SBA1_rep1,3,0.009966777408637873,0.002762827282418372
HPA043368_SBA1_rep1,2,0.006644518272425249,0.003558378143176936
HPA044090_SBA1_rep1,4,0.013289036544850499,0.0062236393435212665
HPA017172_SBA1_rep1,14,0.046511627906976744,0.00807658721316263
HPA024006_SBA1_rep1,2,0.006644518272425249,0.0019314388710649597
HPA027045_SBA1_rep1,1,0.0033222591362126247,0.0023028847500039273
HPA060740_SBA1_rep1,1,0.0033222591362126247,0.004675818858055432
HPA030443_SBA1_rep1,2,0.006644518272425249,0.007472862349328884
HPA034749_SBA1_rep1,1,0.0033222591362126247,0.002193161386561575
HPA036898_SBA1_rep1,2,0.006644518272425249,0.004031829754941078
HPA038241_SBA1_rep1,2,0.006644518272425249,0.007802889526210906
HPA066235_SBA1_rep1,2,0.006644518272425249,0.00482914230102255
HPA041551_SBA1_rep1,1,0.0033222591362126247,0.004277446458811054
HPA043766_SBA1_rep1,1,0.0033222591362126247,0.06836861982245435
HPA044810_SBA1_rep1,2,0.006644518272425249,0.0034865043777604025
HPA046710_SBA1_rep1,2,0.006644518272425249,0.004376276086633729
HPA024554_SBA1_rep1,3,0.009966777408637873,0.00857704008156511
HPA069328_SBA1_rep1,1,0.0033222591362126247,0.004875574036736336
HPA072674_SBA1_rep1,1,0.0033222591362126247,0.012235115832305358
HPA030877_SBA1_rep1,2,0.006644518272425249,0.008013862400529636
HPA035578_SBA1_rep1,2,0.006644518272425249,0.004753905486773763
HPA036082_SBA1_rep1,2,0.006644518272425249,0.011679757346179726
HPA038484_SBA1_rep1,2,0.006644518272425249,0.0029724492490722314
HPA040066_SBA1_rep1,1,0.0033222591362126247,0.00373337612042802
HPA075782_SBA1_rep1,2,0.006644518272425249,0.0278378147755004
HPA042455_SBA1_rep1,1,0.0033222591362126247,0.006737303888640353
HPA045218_SBA1_rep1,1,0.0033222591362126247,0.0024426004344315073
HPA046739_SBA1_rep1,1,0.0033222591362126247,0.0032535996428648124
HPA013398_SBA1_rep1,4,0.013289036544850499,0.0029919765448070605
HPA051369_SBA1_rep1,1,0.0033222591362126247,0.04732983584278576
HPA029752_SBA1_rep1,1,0.0033222591362126247,0.006610639362358606
HPA055938_SBA1_rep1,1,0.0033222591362126247,0.005930192865075819
HPA036287_SBA1_rep1,1,0.0033222591362126247,0.2391161822518103
HPA060756_SBA1_rep1,2,0.006644518272425249,0.004685088886405291
HPA011138_SBA1_rep1,1,0.0033222591362126247,0.005272157961347245
HPA040520_SBA1_rep1,1,0.0033222591362126247,0.005366214173122347
HPA041755_SBA1_rep1,1,0.0033222591362126247,0.013086937889467402
HPA044750_SBA1_rep1,1,0.0033222591362126247,0.03811423234110376
HPA064293_SBA1_rep1,1,0.0033222591362126247,0.006074605131650256
HPA046846_SBA1_rep1,2,0.006644518272425249,0.004654492257099567
HPA017864_SBA1_rep1,2,0.006644518272425249,0.02721166280341348
HPA008315_SBA1_rep1,2,0.006644518272425249,0.005697490389018834
HPA021760_SBA1_rep1,1,0.0033222591362126247,0.004356674146845864
HPA034544_SBA1_rep1,2,0.006644518272425249,0.0025698236065505166
HPA035675_SBA1_rep1,1,0.0033222591362126247,0.0033066190545074812
HPA037646_SBA1_rep1,1,0.0033222591362126247,0.0047675611225476665
HPA038751_SBA1_rep1,1,0.0033222591362126247,0.0032902633978150147
HPA021939_SBA1_rep1,2,0.006644518272425249,0.004147094756970634
HPA042953_SBA1_rep1,1,0.0033222591362126247,0.007739426730184256
HPA023542_SBA1_rep1,1,0.0033222591362126247,0.010839053247047092
HPA023739_SBA1_rep1,1,0.0033222591362126247,0.16585423129567634
HPA046930_SBA1_rep1,1,0.0033222591362126247,0.012010353604096444
HPA026481_SBA1_rep1,1,0.0033222591362126247,0.01259265771915499
HPA027806_SBA1_rep1,1,0.0033222591362126247,0.13230090168848974
HPA027873_SBA1_rep1,1,0.0033222591362126247,0.0033774617027636706
HPA008853_SBA1_rep1,1,0.0033222591362126247,0.09579396041207737
HPA024190_SBA1_rep1,1,0.0033222591362126247,0.007310806116979936
HPA036405_SBA1_rep1,1,0.0033222591362126247,0.0031869489645621587
HPA026918_SBA1_rep1,1,0.0033222591362126247,0.006927355400292701
HPA040809_SBA1_rep1,1,0.0033222591362126247,0.010086256898322456
HPA076029_SBA1_rep1,2,0.006644518272425249,0.011004804616090385
HPA029718_SBA1_rep1,2,0.006644518272425249,0.00676303929408666
HPA031069_SBA1_rep1,1,0.0033222591362126247,0.003920996838639437
HPA030401_SBA1_rep1,1,0.0033222591362126247,0.004135956147097978
HPA028420_SBA1_rep1,2,0.006644518272425249,0.05518414501114901
HPA035802_SBA1_rep1,1,0.0033222591362126247,0.0038387565810952236
HPA035615_SBA1_rep1,4,0.013289036544850499,0.009252949344414296
HPA036074_SBA1_rep1,1,0.0033222591362126247,0.003491527424674046
HPA038013_SBA1_rep1,2,0.006644518272425249,0.0024183269317789857
HPA037429_SBA1_rep1,3,0.009966777408637873,0.03251018088682905
HPA039464_SBA1_rep1,12,0.03986710963455149,0.0036252461908918366
HPA041082_SBA1_rep1,8,0.026578073089700997,0.0074411836854723825
HPA041390_SBA1_rep1,60,0.19933554817275748,0.010920422081943444
HPA029853_SBA1_rep1,2,0.006644518272425249,0.014979828774266572
HPA031060_SBA1_rep1,2,0.006644518272425249,0.004055797889041322
HPA030505_SBA1_rep1,1,0.0033222591362126247,0.016612183926788978
HPA032022_SBA1_rep1,1,0.0033222591362126247,0.012487846072387518
HPA035301_SBA1_rep1,2,0.006644518272425249,0.003990004696881351
HPA036325_SBA1_rep1,2,0.006644518272425249,0.004464545423282039
HPA037539_SBA1_rep1,1,0.0033222591362126247,0.0036559001374412542
HPA038283_SBA1_rep1,1,0.0033222591362126247,0.005217240429030974
HPA038059_SBA1_rep1,1,0.0033222591362126247,0.0026924828828569177
HPA001474_SBA1_rep1,2,0.006644518272425249,0.003600351094873132
HPA039480_SBA1_rep1,2,0.006644518272425249,0.0031958789259663345
HPA041598_SBA1_rep1,2,0.006644518272425249,0.005296748098823537
HPA001909_SBA1_rep1,2,0.006644518272425249,0.00495664986059217
HPA003901_SBA1_rep1,0,0.0,0.004441065930636592
HPA061286_SBA1_rep1,2,0.006644518272425249,0.0020391392168109986
HPA002891_SBA1_rep1,1,0.0033222591362126247,0.005935266120317056
HPA004426_SBA1_rep1,2,0.006644518272425249,0.006849738107511276
HPA065978_SBA1_rep1,1,0.0033222591362126247,0.004072174671324066
HPA018534_SBA1_rep1,2,0.006644518272425249,0.003033199605338914
HPA018479_SBA1_rep1,1,0.0033222591362126247,0.1036115580665986
HPA006198_SBA1_rep1,1,0.0033222591362126247,0.003060148034465932
HPA072754_SBA1_rep1,1,0.0033222591362126247,0.0021649996097578136
HPA006313_SBA1_rep1,2,0.006644518272425249,0.0023444015655819696
HPA078003_SBA1_rep1,4,0.013289036544850499,0.026405580214053176
HPA019885_SBA1_rep1,29,0.09634551495016612,0.004682018626737648
HPA057179_SBA1_rep1,2,0.006644518272425249,0.004728378774644869
HPA000635_SBA1_rep1,2,0.006644518272425249,0.005949720571512441
HPA063324_SBA1_rep1,1,0.0033222591362126247,0.00408186694492499
HPA064998_SBA1_rep1,1,0.0033222591362126247,0.004299893963023511
HPA022271_SBA1_rep1,2,0.006644518272425249,0.0030612294053914586
HPA067869_SBA1_rep1,1,0.0033222591362126247,0.0275730213708469
HPA069570_SBA1_rep1,2,0.006644518272425249,0.05103928322868182
HPA071203_SBA1_rep1,2,0.006644518272425249,0.004429592603814415
HPA073031_SBA1_rep1,2,0.006644518272425249,0.004573519601508998
HPA067758_SBA1_rep1,2,0.006644518272425249,0.0034490118691732747
HPA023342_SBA1_rep1,2,0.006644518272425249,0.006091685670976245
HPA024661_SBA1_rep1,1,0.0033222591362126247,0.006708467121107548
HPA008422_SBA1_rep1,1,0.0033222591362126247,0.0026282676879835765
HPA009025_SBA1_rep1,1,0.0033222591362126247,0.008580125162186597
HPA035143_SBA1_rep1,1,0.0033222591362126247,0.0026650784554396053
HPA036305_SBA1_rep1,1,0.0033222591362126247,0.04106463470678369
HPA034743_SBA1_rep1,1,0.0033222591362126247,0.0028826009721908945
HPA024032_SBA1_rep1,1,0.0033222591362126247,0.004479655862529833
HPA041370_SBA1_rep1,1,0.0033222591362126247,0.003089886410973455
HPA043322_SBA1_rep1,1,0.0033222591362126247,0.004126727395817463
HPA044682_SBA1_rep1,2,0.006644518272425249,0.004627817476986962
HPA045563_SBA1_rep1,2,0.006644518272425249,0.006441181966375332
HPA027305_SBA1_rep1,3,0.009966777408637873,0.005362492964749212
HPA026720_SBA1_rep1,2,0.006644518272425249,0.03364447401969118
HPA028383_SBA1_rep1,1,0.0033222591362126247,0.00751665550699966
HPA010634_SBA1_rep1,1,0.0033222591362126247,0.004307583361564091
HPA010088_SBA1_rep1,7,0.023255813953488372,0.0043441303675834965
HPA036992_SBA1_rep1,1,0.0033222591362126247,0.016492648575531833
HPA001335_SBA1_rep1,2,0.006644518272425249,0.0032621386893142497
HPA038789_SBA1_rep1,1,0.0033222591362126247,0.0028348423774149107
HPA001425_SBA2_rep1,0,0.0,0.010549913145515248
HPA000980_SBA2_rep1,0,0.0,0.010570827462808055
HPA004428_SBA2_rep1,0,0.0,0.2764237619174706
HPA000293_SBA2_rep1,0,0.0,0.012732659300762578
HPA009433_SBA2_rep1,0,0.0,0.006171830036811359
HPA012014_SBA2_rep1,0,0.0,0.004050932477697058
HPA013949_SBA2_rep1,0,0.0,0.07976366288529042
HPA017087_SBA2_rep1,1,0.0033222591362126247,0.022981797423906332
HPA019371_SBA2_rep1,0,0.0,0.34452598169703974
HPA021808_SBA2_rep1,1,0.0033222591362126247,0.015886317591615594
HPA025735_SBA2_rep1,4,0.013289036544850499,0.01997971488494565
HPA027614_SBA2_rep1,1,0.0033222591362126247,0.01369993619803524
HPA001426_SBA2_rep1,0,0.0,0.23160294289593067
HPA001252_SBA2_rep1,0,0.0,0.022091167584397366
HPA005750_SBA2_rep1,0,0.0,0.020732816511945164
HPA003014_SBA2_rep1,0,0.0,0.006173402174793735
HPA010919_SBA2_rep1,0,0.0,0.006925788645058234
HPA012720_SBA2_rep1,0,0.0,0.007922390540390066
HPA014404_SBA2_rep1,0,0.0,0.011106476984335003
HPA017430_SBA2_rep1,0,0.0,0.012951871500058665
HPA019467_SBA2_rep1,0,0.0,0.044754593333848486
HPA023238_SBA2_rep1,0,0.0,0.02113263945177325
HPA025958_SBA2_rep1,0,0.0,0.04132013816313616
HPA028487_SBA2_rep1,0,0.0,0.0031668758219812847
HPA030278_SBA2_rep1,0,0.0,0.04089353620936442
HPA001820_SBA2_rep1,0,0.0,0.2629889755663596
HPA007338_SBA2_rep1,0,0.0,0.43698991535634407
HPA007987_SBA2_rep1,0,0.0,0.006575860195033784
HPA011316_SBA2_rep1,0,0.0,0.02203404343438812
HPA012323_SBA2_rep1,0,0.0,0.007687615867184707
HPA014572_SBA2_rep1,0,0.0,0.009629978760061553
HPA017377_SBA2_rep1,0,0.0,0.1113616976727659
HPA020092_SBA2_rep1,0,0.0,0.9605175967244877
HPA022840_SBA2_rep1,0,0.0,0.01163687827775986
HPA026681_SBA2_rep1,0,0.0,0.031636463135050655
HPA027852_SBA2_rep1,0,0.0,0.011418650717769228
HPA003246_SBA2_rep1,0,0.0,0.025369013456099643
HPA004932_SBA2_rep1,0,0.0,0.009429768451615972
HPA006700_SBA2_rep1,0,0.0,0.004074197280995493
HPA008188_SBA2_rep1,0,0.0,0.0018942994925722763
HPA011220_SBA2_rep1,0,0.0,0.001608975595758457
HPA012107_SBA2_rep1,0,0.0,0.0074635043385255055
HPA016421_SBA2_rep1,0,0.0,0.004173406050645093
HPA018803_SBA2_rep1,0,0.0,0.014121586976813604
HPA021282_SBA2_rep1,0,0.0,0.5402653441649654
HPA022128_SBA2_rep1,1,0.0033222591362126247,0.029114299153254784
HPA026810_SBA2_rep1,0,0.0,0.00648763596419111
HPA029501_SBA2_rep1,0,0.0,0.010509474801034176
HPA003440_SBA2_rep1,0,0.0,0.061997791407395406
HPA005131_SBA2_rep1,0,0.0,0.4344566651977966
HPA006632_SBA2_rep1,0,0.0,0.103471178897423
HPA008338_SBA2_rep1,0,0.0,0.00887785764779198
HPA012130_SBA2_rep1,0,0.0,0.6250891369591394
HPA012531_SBA2_rep1,0,0.0,0.06441528636830585
HPA016800_SBA2_rep1,0,0.0,0.01687216073291955
HPA019105_SBA2_rep1,0,0.0,0.0020530790592450947
HPA021921_SBA2_rep1,0,0.0,0.006816036162179282
HPA024035_SBA2_rep1,1,0.0033222591362126247,0.17049581249787826
HPA028550_SBA2_rep1,0,0.0,0.009370053320740984
HPA003948_SBA2_rep1,0,0.0,0.016500163242645076
HPA006240_SBA2_rep1,0,0.0,0.012348282625692878
HPA003282_SBA2_rep1,0,0.0,0.011872994066513265
HPA006964_SBA2_rep1,0,0.0,0.008509348038257591
HPA008999_SBA2_rep1,0,0.0,0.013994055635101622
HPA011948_SBA2_rep1,0,0.0,0.08561880322310489
HPA013371_SBA2_rep1,0,0.0,0.0202953938162316
HPA017017_SBA2_rep1,0,0.0,0.009261962621361664
HPA019678_SBA2_rep1,0,0.0,0.20651017538039076
Empty_SBA2_rep1,0,0.0,0.03557866586138933
HPA029675_SBA2_rep1,7,0.023255813953488372,0.6976557440260308
HPA035428_SBA2_rep1,0,0.0,0.2836089269763539
HPA035915_SBA2_rep1,0,0.0,0.056446155021757025
HPA039223_SBA2_rep1,9,0.029900332225913623,0.00943249907010378
HPA054079_SBA2_rep1,1,0.0033222591362126247,0.04736181011117048
HPA055893_SBA2_rep1,176,0.584717607973422,0.04480892818838539
HPA058481_SBA2_rep1,0,0.0,0.010222632458322339
HPA061969_SBA2_rep1,1,0.0033222591362126247,0.02335235668920825
HPA065923_SBA2_rep1,1,0.0033222591362126247,0.011783480908487161
HPA071236_SBA2_rep1,2,0.006644518272425249,0.019120571949240238
HPA008057_SBA2_rep1,0,0.0,0.014733671777315773
HPA001554_SBA2_rep1,0,0.0,0.01796760673666892
HPA029564_SBA2_rep1,1,0.0033222591362126247,0.010268216231868755
HPA034739_SBA2_rep1,0,0.0,0.04729370260606705
HPA038051_SBA2_rep1,0,0.0,0.007141289281052962
HPA042682_SBA2_rep1,0,0.0,0.01770746792226122
HPA054125_SBA2_rep1,0,0.0,0.09106776380944408
HPA056896_SBA2_rep1,0,0.0,0.1150374932790069
HPA058781_SBA2_rep1,0,0.0,0.032661826910068935
HPA062066_SBA2_rep1,0,0.0,0.004870322505973571
HPA065997_SBA2_rep1,1,0.0033222591362126247,0.008892980916833937
HPA072634_SBA2_rep1,0,0.0,0.027882849952912653
HPA003066_SBA2_rep1,0,0.0,0.0036504983482990036
HPA000685_SBA2_rep1,0,0.0,0.009906059565945605
HPA028897_SBA2_rep1,8,0.026578073089700997,0.010769156348233744
HPA036894_SBA2_rep1,0,0.0,0.0834645476731298
HPA038460_SBA2_rep1,0,0.0,0.04976496780952674
HPA044252_SBA2_rep1,0,0.0,0.061044209867071604
HPA054276_SBA2_rep1,0,0.0,0.004677318346981102
HPA056371_SBA2_rep1,0,0.0,0.007129985681637461
HPA059479_SBA2_rep1,0,0.0,0.006808700392999762
HPA063275_SBA2_rep1,0,0.0,0.0024602933007890856
HPA068011_SBA2_rep1,0,0.0,0.5338295935272703
HPA071406_SBA2_rep1,0,0.0,0.050973952430368855
HPA011938_SBA2_rep1,12,0.03986710963455149,0.010298476043372563
HPA000926_SBA2_rep1,0,0.0,0.06896890824011202
HPA028943_SBA2_rep1,6,0.019933554817275746,0.04771761119128552
HPA037589_SBA2_rep1,0,0.0,0.010574804555229559
HPA038904_SBA2_rep1,1,0.0033222591362126247,0.007999190358398032
HPA046579_SBA2_rep1,0,0.0,0.007787178527362565
HPA054241_SBA2_rep1,0,0.0,0.002837586263803984
HPA057655_SBA2_rep1,0,0.0,0.04133041538702522
HPA059637_SBA2_rep1,0,0.0,0.0068558265955513615
HPA063296_SBA2_rep1,0,0.0,0.018572623724559947
HPA069116_SBA2_rep1,0,0.0,0.0026887273514627262
HPA077819_SBA2_rep1,0,0.0,0.09024220321379779
HPA002881_SBA2_rep1,0,0.0,0.05756243372643983
HPA015515_SBA2_rep1,0,0.0,0.018137196623805876
HPA034635_SBA2_rep1,0,0.0,0.0047911316397911356
HPA036564_SBA2_rep1,0,0.0,0.011394163080307074
HPA038887_SBA2_rep1,0,0.0,0.003635695005129674
HPA047519_SBA2_rep1,0,0.0,0.0035724393870516778
HPA055148_SBA2_rep1,0,0.0,0.016338700909757243
HPA058346_SBA2_rep1,0,0.0,0.01643502717735201
HPA060604_SBA2_rep1,0,0.0,0.010352821661546285
HPA064007_SBA2_rep1,0,0.0,0.008503924503499329
HPA069126_SBA2_rep1,0,0.0,0.01845892873358127
HPA077434_SBA2_rep1,0,0.0,0.03884671749710285
HPA003883_SBA2_rep1,0,0.0,0.015273335736600542
HPA001524_SBA2_rep1,0,0.0,0.19059461843773595
HPA030891_SBA2_rep1,1,0.0033222591362126247,0.028635770796689653
HPA035933_SBA2_rep1,201,0.6677740863787376,0.07886121747419057
HPA040304_SBA2_rep1,0,0.0,0.009049253271145124
HPA053229_SBA2_rep1,0,0.0,0.03404043907770202
HPA055202_SBA2_rep1,0,0.0,0.009991070597735937
HPA058470_SBA2_rep1,0,0.0,0.004016085328268478
HPA061318_SBA2_rep1,1,0.0033222591362126247,0.0137152363356429
HPA065600_SBA2_rep1,78,0.2591362126245847,0.07980493929121481
Rabbit.IgG_SBA2_rep1,0,0.0,0.02522849260726889
HPA053243_SBA2_rep1,0,0.0,0.007119882877415214
HPA035790_SBA2_rep1,0,0.0,0.006998764433070654
HPA021187_SBA2_rep1,0,0.0,0.013688143230809423
HPA000288_SBA2_rep1,0,0.0,0.010573176372521796
HPA026883_SBA2_rep1,0,0.0,0.014432204852456729
HPA019039_SBA2_rep1,1,0.0033222591362126247,0.022773964080344447
HPA028423_SBA2_rep1,0,0.0,0.015003855756114112
HPA001275_SBA2_rep1,3,0.009966777408637873,0.0087600645180345
HPA023632_SBA2_rep1,1,0.0033222591362126247,0.01739501959677397
HPA018793_SBA2_rep1,0,0.0,0.013216405926486145
HPA024638_SBA2_rep1,3,0.009966777408637873,0.015736529812294793
HPA008241_SBA2_rep1,2,0.006644518272425249,0.01613955111631556
HPA035981_SBA2_rep1,0,0.0,0.014442985502706361
HPA040797_SBA2_rep1,0,0.0,0.07457026881672699
HPA019654_SBA2_rep1,0,0.0,0.01181515983653222
HPA018795_SBA2_rep1,0,0.0,0.020710938358965415
HPA028414_SBA2_rep1,0,0.0,0.010306197428195513
HPA021771_SBA2_rep1,1,0.0033222591362126247,0.05432448430732574
HPA002803_SBA2_rep1,0,0.0,0.0060317880427910656
HPA025967_SBA2_rep1,0,0.0,0.08992262796296502
HPA024470_SBA2_rep1,0,0.0,0.010580600410193902
HPA019522_SBA2_rep1,0,0.0,0.012789347857765395
HPA027144_SBA2_rep1,0,0.0,0.00810679712575811
HPA028549_SBA2_rep1,0,0.0,0.008487030189991942
HPA041524_SBA2_rep1,0,0.0,0.041643735466477066
HPA028827_SBA2_rep1,0,0.0,0.01858643914571613
HPA020952_SBA2_rep1,0,0.0,0.022610433234670768
HPA021407_SBA2_rep1,0,0.0,0.019969184939086712
HPA028392_SBA2_rep1,0,0.0,0.008463295337987366
HPA022853_SBA2_rep1,0,0.0,0.024097779628736705
HPA018493_SBA2_rep1,0,0.0,0.012012770116892625
HPA032047_SBA2_rep1,0,0.0,0.012207650858654476
HPA026483_SBA2_rep1,0,0.0,0.010060759405030527
HPA020433_SBA2_rep1,0,0.0,0.005277042334638755
HPA027301_SBA2_rep1,2,0.006644518272425249,0.013498171757630219
HPA012542_SBA2_rep1,0,0.0,0.013587664096462525
HPA038315_SBA2_rep1,0,0.0,0.07151505442399243
HPA001804_SBA2_rep1,0,0.0,0.013289994923999616
HPA000905_SBA2_rep1,0,0.0,0.015106824579195134
HPA023886_SBA2_rep1,0,0.0,0.018642825067266125
HPA036287_SBA2_rep1,0,0.0,0.5417979712139764
HPA024704_SBA2_rep1,0,0.0,0.007057977419983343
HPA017380_SBA2_rep1,0,0.0,0.00737608992856039
HPA019136_SBA2_rep1,0,0.0,0.02590484244300256
HPA027366_SBA2_rep1,0,0.0,0.01674429053380223
HPA019095_SBA2_rep1,0,0.0,0.012308002648839252
HPA029944_SBA2_rep1,0,0.0,0.013009095850114795
HPA017287_SBA2_rep1,2,0.006644518272425249,0.006141444758308793
HPA030491_SBA2_rep1,0,0.0,0.018286668736726495
HPA018297_SBA2_rep1,0,0.0,0.01152475808439528
HPA026441_SBA2_rep1,0,0.0,0.0068903159923532
HPA024299_SBA2_rep1,0,0.0,0.015017147664128773
HPA029480_SBA2_rep1,0,0.0,0.02696255175617684
HPA026322_SBA2_rep1,0,0.0,0.010301987302572313
HPA020518_SBA2_rep1,0,0.0,0.008565170780891428
HPA018304_SBA2_rep1,0,0.0,0.005637814627700003
HPA028587_SBA2_rep1,0,0.0,0.018012187612119646
HPA023977_SBA2_rep1,2,0.006644518272425249,0.012017864348314741
HPA028185_SBA2_rep1,0,0.0,0.012960925674946073
HPA016564_SBA2_rep1,0,0.0,0.016786921024758518
HPA045409_SBA2_rep1,0,0.0,0.01665224672479133
HPA027806_SBA2_rep1,0,0.0,0.2887481863640973
HPA026307_SBA2_rep1,0,0.0,0.011858402039098615
HPA005654_SBA2_rep1,0,0.0,0.018473254985406615
HPA018885_SBA2_rep1,0,0.0,0.035265225114223725
HPA002927_SBA2_rep1,4,0.013289036544850499,0.015708284211084698
HPA021368_SBA2_rep1,14,0.046511627906976744,0.012116388846307466
HPA022012_SBA2_rep1,0,0.0,0.019353503137035932
HPA076029_SBA2_rep1,0,0.0,0.01863166855963826
HPA009426_SBA2_rep1,199,0.6611295681063123,0.008966074317384267
HPA010553_SBA2_rep1,3,0.009966777408637873,0.06375688158737972
HPA069590_SBA2_rep1,5,0.016611295681063124,0.007962936662499713
HPA054091_SBA2_rep1,0,0.0,0.010051673103143333
HPA069832_SBA2_rep1,0,0.0,0.0021246900416530194
HPA017955_SBA2_rep1,0,0.0,0.026558805539067743
HPA071262_SBA2_rep1,1,0.0033222591362126247,0.0073539787305335075
HPA042788_SBA2_rep1,0,0.0,0.012896005243644764
HPA008848_SBA2_rep1,0,0.0,0.018429053051914033
HPA007499_SBA2_rep1,0,0.0,0.08316544770259615
HPA034696_SBA2_rep1,1,0.0033222591362126247,0.00396305420229203
HPA028997_SBA2_rep1,0,0.0,0.012787176925834995
HPA010718_SBA2_rep1,1,0.0033222591362126247,0.010440081762891991
HPA022935_SBA2_rep1,60,0.19933554817275748,0.01715504378062359
HPA037915_SBA2_rep1,0,0.0,0.0772986969268433
HPA055259_SBA2_rep1,0,0.0,0.013778075308329515
HPA073283_SBA2_rep1,0,0.0,0.003642185007431278
HPA064736_SBA2_rep1,0,0.0,0.013372101364436659
HPA072606_SBA2_rep1,0,0.0,0.006918263116591232
HPA044620_SBA2_rep1,0,0.0,0.009549746721695855
HPA011101_SBA2_rep1,0,0.0,0.004650159302140463
HPA011135_SBA2_rep1,0,0.0,0.004917899818852711
HPA000798_SBA2_rep1,0,0.0,0.00755586826003061
HPA037782_SBA2_rep1,0,0.0,0.004525808589515033
HPA011246_SBA2_rep1,0,0.0,0.010128226994785725
HPA003901_SBA2_rep1,0,0.0,0.018218012258638592
HPA039435_SBA2_rep1,0,0.0,0.02683835311905866
HPA059180_SBA2_rep1,0,0.0,0.009800352561122085
HPA018139_SBA2_rep1,0,0.0,0.010091705787508563
HPA067102_SBA2_rep1,0,0.0,0.004431228547283937
HPA043227_SBA2_rep1,0,0.0,0.002818260949502495
HPA045095_SBA2_rep1,0,0.0,0.008840384660897422
HPA011868_SBA2_rep1,0,0.0,0.027895573928010623
HPA003345_SBA2_rep1,0,0.0,0.0023370237862144635
HPA066847_SBA2_rep1,0,0.0,0.0062367789369429895
HPA031625_SBA2_rep1,0,0.0,0.0048016844427594555
HPA011905_SBA2_rep1,0,0.0,0.018868266537464193
HPA019472_SBA2_rep1,0,0.0,0.003503120779671242
HPA040786_SBA2_rep1,0,0.0,0.012931277344088034
HPA061083_SBA2_rep1,0,0.0,0.005151495638472991
HPA049627_SBA2_rep1,0,0.0,0.010009658737083935
HPA071013_SBA2_rep1,0,0.0,0.006439875127712081
HPA044723_SBA2_rep1,33,0.10963455149501661,0.010599040442543685
HPA004890_SBA2_rep1,0,0.0,0.007889977669098156
HPA014295_SBA2_rep1,0,0.0,0.0073849725101709125
HPA066898_SBA2_rep1,0,0.0,0.010840124367673487
HPA055490_SBA2_rep1,0,0.0,0.004196694102138998
HPA008395_SBA2_rep1,1,0.0033222591362126247,0.00933128797436139
HPA015584_SBA2_rep1,0,0.0,0.011142656814724069
HPA026809_SBA2_rep1,0,0.0,0.0686273286135528
HPA049550_SBA2_rep1,0,0.0,0.017408943441092003
HPA064686_SBA2_rep1,0,0.0,0.003860423596701891
HPA051694_SBA2_rep1,0,0.0,0.006116384487748698
HPA073827_SBA2_rep1,0,0.0,0.009513035145859515
HPA044840_SBA2_rep1,1,0.0033222591362126247,0.0036094025306721753
HPA006872_SBA2_rep1,0,0.0,0.017007326671352505
HPA007041_SBA2_rep1,1,0.0033222591362126247,0.013789787714849039
HPA079244_SBA2_rep1,1,0.0033222591362126247,0.01976970397929928
HPA047290_SBA2_rep1,1,0.0033222591362126247,0.0037990298138234637
HPA054787_SBA3_rep1,147,0.4883720930232558,0.04222949912513007
HPA057021_SBA3_rep1,59,0.19601328903654486,0.016704962158559173
HPA059515_SBA3_rep1,30,0.09966777408637874,0.004807107503360234
HPA063369_SBA3_rep1,19,0.06312292358803986,0.011417282252300306
HPA065983_SBA3_rep1,30,0.09966777408637874,0.06829688655805088
HPA068012_SBA3_rep1,14,0.046511627906976744,0.015234959988949298
HPA071456_SBA3_rep1,12,0.03986710963455149,0.028116974383684736
HPA069945_SBA3_rep1,30,0.09966777408637874,0.01386762577329515
HPA076843_SBA3_rep1,14,0.046511627906976744,0.019448192897515947
HPA054959_SBA3_rep1,31,0.10299003322259136,0.005910320786612274
HPA006493_SBA3_rep1,5,0.016611295681063124,0.0064717860639765335
HPA001395_SBA3_rep1,4,0.013289036544850499,0.006942132826560751
HPA008001_SBA3_rep1,5,0.016611295681063124,0.004693249764550159
HPA008425_SBA3_rep1,5,0.016611295681063124,0.007279936375494585
HPA001410_SBA3_rep1,42,0.13953488372093023,0.007363410268829576
HPA005823_SBA3_rep1,8,0.026578073089700997,0.004976217453358924
HPA011165_SBA3_rep1,27,0.08970099667774087,0.005828062999669837
HPA007729_SBA3_rep1,6,0.019933554817275746,0.1889525438706948
HPA002266_SBA3_rep1,13,0.04318936877076412,0.014466664490302364
HPA013616_SBA3_rep1,15,0.04983388704318937,0.010417791715284216
HPA003280_SBA3_rep1,26,0.08637873754152824,0.010071158365610892
HPA003909_SBA3_rep1,256,0.8504983388704319,0.02091903093214582
HPA006660_SBA3_rep1,44,0.1461794019933555,0.04759275213984196
HPA002981_SBA3_rep1,67,0.22259136212624583,0.008786719012484033
HPA008126_SBA3_rep1,24,0.07973421926910298,0.007702232015413015
HPA008455_SBA3_rep1,43,0.14285714285714285,0.007450974402645481
HPA010631_SBA3_rep1,38,0.12624584717607973,0.008153443542547878
HPA011029_SBA3_rep1,8,0.026578073089700997,0.005406773068919835
HPA001610_SBA3_rep1,30,0.09966777408637874,0.030905309455742137
HPA064736_SBA3_rep1,5,0.016611295681063124,0.008459197267804246
HPA003221_SBA3_rep1,16,0.053156146179401995,0.023049399169723653
HPA007556_SBA3_rep1,23,0.07641196013289037,0.00816810188313399
HPA005835_SBA3_rep1,13,0.04318936877076412,0.007640741447037104
HPA015774_SBA3_rep1,174,0.5780730897009967,0.008449815884499008
HPA002925_SBA3_rep1,66,0.21926910299003322,0.02202886934875442
HPA007667_SBA3_rep1,34,0.11295681063122924,0.00619129946235045
HPA008130_SBA3_rep1,45,0.14950166112956811,0.011405446549040497
HPA001844_SBA3_rep1,59,0.19601328903654486,0.006276892444123948
HPA010638_SBA3_rep1,42,0.13953488372093023,0.006416786768754884
HPA010739_SBA3_rep1,54,0.17940199335548174,0.007138604196741188
HPA004732_SBA3_rep1,40,0.132890365448505,0.021528169514910156
HPA012113_SBA3_rep1,24,0.07973421926910298,0.004593230560790434
HPA012016_SBA3_rep1,12,0.03986710963455149,0.01840822221996625
HPA014246_SBA3_rep1,16,0.053156146179401995,0.012763538068275045
HPA016754_SBA3_rep1,21,0.06976744186046512,0.007660708186613325
HPA003223_SBA3_rep1,282,0.9368770764119602,0.01467742846997582
HPA059704_SBA3_rep1,50,0.16611295681063123,0.004582527352715477
HPA064033_SBA3_rep1,42,0.13953488372093023,0.02020174568394403
HPA066055_SBA3_rep1,50,0.16611295681063123,0.04852961813686562
HPA068625_SBA3_rep1,77,0.2558139534883721,0.012791114891387668
HPA001412_SBA3_rep1,53,0.1760797342192691,0.006910446183846117
HPA071472_SBA3_rep1,68,0.22591362126245848,0.005275872420252405
HPA069976_SBA3_rep1,89,0.2956810631229236,0.026368024479554285
HPA001765_SBA3_rep1,53,0.1760797342192691,0.007485321084773305
HPA003412_SBA3_rep1,13,0.04318936877076412,0.014221605321552009
HPA017254_SBA3_rep1,10,0.03322259136212625,0.014025853015016285
HPA005992_SBA3_rep1,19,0.06312292358803986,0.004203743038320734
HPA054909_SBA3_rep1,73,0.2425249169435216,0.012651984551576586
HPA057757_SBA3_rep1,27,0.08970099667774087,0.004216292671471069
HPA001308_SBA3_rep1,43,0.14285714285714285,0.015016097466386012
HPA059739_SBA3_rep1,38,0.12624584717607973,0.004376416702322333
HPA001508_SBA3_rep1,36,0.11960132890365449,0.005771990949507499
HPA064231_SBA3_rep1,75,0.24916943521594684,0.0051173986350407
HPA002990_SBA3_rep1,38,0.12624584717607973,0.02176011805649407
HPA066899_SBA3_rep1,36,0.11960132890365449,0.029251036681699448
Empty_SBA3_rep1,274,0.9102990033222591,0.48289691308128574
HPA018990_SBA3_rep1,52,0.17275747508305647,0.01273867720628439
HPA013566_SBA3_rep1,51,0.16943521594684385,0.004583337123927504
HPA039365_SBA3_rep1,25,0.08305647840531562,0.015477317783706587
HPA047979_SBA3_rep1,23,0.07641196013289037,0.006555373721920926
HPA064163_SBA3_rep1,32,0.10631229235880399,0.0050373298137454175
HPA073447_SBA3_rep1,15,0.04983388704318937,0.0067172280150564895
HPA051805_SBA3_rep1,19,0.06312292358803986,0.005366638152357477
HPA012949_SBA3_rep1,32,0.10631229235880399,0.014547295504614938
HPA035939_SBA3_rep1,86,0.2857142857142857,0.12694080175532857
HPA046370_SBA3_rep1,55,0.18272425249169436,0.008317384981539312
HPA062736_SBA3_rep1,46,0.15282392026578073,0.135168900344803
HPA072450_SBA3_rep1,40,0.132890365448505,0.0703717527884044
HPA004178_SBA3_rep1,48,0.15946843853820597,0.006628775967650315
HPA014479_SBA3_rep1,44,0.1461794019933555,0.18996466805950438
HPA040147_SBA3_rep1,41,0.1362126245847176,0.004308643073288124
HPA050998_SBA3_rep1,44,0.1461794019933555,0.00603745410988994
HPA064801_SBA3_rep1,49,0.16279069767441862,0.01632214750358752
HPA052258_SBA3_rep1,49,0.16279069767441862,0.006123599737419192
HPA051895_SBA3_rep1,44,0.1461794019933555,0.010127336348507626
HPA021230_SBA3_rep1,45,0.14950166112956811,0.00799942811284834
HPA021337_SBA3_rep1,31,0.10299003322259136,0.0480691167244471
HPA046960_SBA3_rep1,36,0.11960132890365449,0.017840991897375875
HPA063169_SBA3_rep1,27,0.08970099667774087,0.00631865723480778
HPA073213_SBA3_rep1,29,0.09634551495016612,0.014132589019142522
HPA008786_SBA3_rep1,70,0.23255813953488372,0.008150915730551107
HPA030631_SBA3_rep1,40,0.132890365448505,0.003977193363430744
HPA040591_SBA3_rep1,215,0.7142857142857143,0.44980505637361456
HPA051256_SBA3_rep1,28,0.09302325581395349,0.011409026055445647
HPA066218_SBA3_rep1,44,0.1461794019933555,0.003905460128236688
HPA042303_SBA3_rep1,45,0.14950166112956811,0.010075310341221565
HPA042940_SBA3_rep1,43,0.14285714285714285,0.009551904572911753
HPA044572_SBA3_rep1,33,0.10963455149501661,0.0049787189793991035
HPA043780_SBA3_rep1,24,0.07973421926910298,0.014464182955743695
HPA073028_SBA3_rep1,18,0.059800664451827246,0.07131496487543731
HPA046972_SBA3_rep1,32,0.10631229235880399,0.0069066794688707675
HPA049231_SBA3_rep1,41,0.1362126245847176,0.01496164874020207
HPA009680_SBA3_rep1,83,0.2757475083056478,0.30227276025918776
HPA019829_SBA3_rep1,47,0.15614617940199335,0.009042644939517985
HPA057036_SBA3_rep1,48,0.15946843853820597,0.007968848708956658
HPA067809_SBA3_rep1,39,0.12956810631229235,0.00802303668489346
HPA053140_SBA3_rep1,45,0.14950166112956811,0.0047831088829483155
HPA043598_SBA3_rep1,37,0.12292358803986711,0.007432782319618125
HPA051409_SBA3_rep1,34,0.11295681063122924,0.00685236905156055
HPA044107_SBA3_rep1,37,0.12292358803986711,0.03594950769436281
HPA045794_SBA3_rep1,42,0.13953488372093023,0.05911701600805255
HPA048459_SBA3_rep1,23,0.07641196013289037,0.003655959171411442
HPA049292_SBA3_rep1,28,0.09302325581395349,0.012392235912103927
HPA019367_SBA3_rep1,59,0.19601328903654486,0.010323592954341147
HPA032081_SBA3_rep1,106,0.3521594684385382,0.1351924584365579
HPA041884_SBA3_rep1,120,0.39867109634551495,0.010550816829553675
HPA046964_SBA3_rep1,81,0.2691029900332226,0.009553587410943304
HPA057776_SBA3_rep1,14,0.046511627906976744,0.008176415933563308
HPA067971_SBA3_rep1,30,0.09966777408637874,0.012271768867386167
HPA050843_SBA3_rep1,22,0.07308970099667775,0.027397069264674292
HPA051132_SBA3_rep1,25,0.08305647840531562,0.011500529726433796
HPA051210_SBA3_rep1,37,0.12292358803986711,0.007337100553447904
HPA051290_SBA3_rep1,33,0.10963455149501661,0.004121912858801861
HPA048738_SBA3_rep1,48,0.15946843853820597,0.0034681388898010557
HPA051476_SBA3_rep1,21,0.06976744186046512,0.061448842038035
HPA053140_SBA3_rep2,0,0.0,0.013441058028251615
HPA012692_SBA3_rep1,79,0.26245847176079734,0.016057921347807626
HPA036298_SBA3_rep1,61,0.2026578073089701,0.005228725029458256
HPA020925_SBA3_rep1,48,0.15946843853820597,0.008869641132138588
HPA058123_SBA3_rep1,37,0.12292358803986711,0.01073799043547664
HPA071467_SBA3_rep1,16,0.053156146179401995,0.12176756338034014
HPA054622_SBA3_rep1,21,0.06976744186046512,0.004953738164406834
HPA054719_SBA3_rep1,22,0.07308970099667775,0.016425817180880004
HPA055478_SBA3_rep1,52,0.17275747508305647,0.0037369138604832148
HPA005554_SBA3_rep1,49,0.16279069767441862,0.010977630812105186
HPA004247_SBA3_rep1,51,0.16943521594684385,0.010471076572949664
HPA009674_SBA3_rep1,61,0.2026578073089701,0.009553423447347383
HPA020382_SBA3_rep1,43,0.14285714285714285,0.010136219824816769
HPA031404_SBA3_rep1,62,0.2059800664451827,0.02180563514398906
HPA037738_SBA3_rep1,98,0.32558139534883723,0.009531811579676195
HPA041778_SBA3_rep1,91,0.3023255813953488,0.017606424608136065
HPA043060_SBA3_rep1,71,0.23588039867109634,0.008497651300816212
HPA045339_SBA3_rep1,70,0.23255813953488372,0.0038119809118031672
HPA047171_SBA3_rep1,73,0.2425249169435216,0.009104394930656935
HPA050678_SBA3_rep1,54,0.17940199335548174,0.010907662489552035
HPA054359_SBA3_rep1,53,0.1760797342192691,0.013508117864948639
HPA078841_SBA3_rep1,35,0.11627906976744186,0.008015982834377156
HPA004794_SBA3_rep1,11,0.036544850498338874,0.007689462951550991
HPA014272_SBA3_rep1,42,0.13953488372093023,0.008426549559491864
HPA021513_SBA3_rep1,172,0.5714285714285714,0.042822575367022525
HPA031962_SBA3_rep1,77,0.2558139534883721,0.29123450544650314
HPA039785_SBA3_rep1,77,0.2558139534883721,0.028554692080138912
HPA041426_SBA3_rep1,51,0.16943521594684385,0.005896080795563093
HPA043343_SBA3_rep1,43,0.14285714285714285,0.00710747537892449
HPA046431_SBA3_rep1,78,0.2591362126245847,0.006478095111506081
HPA047720_SBA3_rep1,84,0.27906976744186046,0.006402541903462626
HPA050917_SBA3_rep1,38,0.12624584717607973,0.01608492192597737
HPA054562_SBA3_rep1,55,0.18272425249169436,0.031112847334629087
HPA058058_SBA3_rep1,37,0.12292358803986711,0.008009305569433712
HPA060532_SBA3_rep1,33,0.10963455149501661,0.011236927622113068
HPA064532_SBA3_rep1,53,0.1760797342192691,0.004883905154218745
HPA066857_SBA3_rep1,52,0.17275747508305647,0.009527715723672609
HPA067873_SBA3_rep1,70,0.23255813953488372,0.011992960733677494
HPA068898_SBA3_rep1,62,0.2059800664451827,0.012155253346634084
HPA072225_SBA3_rep1,93,0.3089700996677741,0.006337662632454464
HPA042330_SBA3_rep1,31,0.10299003322259136,0.0046493848095325785
HPA044540_SBA3_rep1,62,0.2059800664451827,0.00597515701895599
HPA046635_SBA3_rep1,63,0.20930232558139536,0.005936926823941104
HPA049855_SBA3_rep1,37,0.12292358803986711,0.007644031809896896
HPA053194_SBA3_rep1,43,0.14285714285714285,0.024441310640993905
HPA060707_SBA3_rep1,59,0.19601328903654486,0.007057343621377824
HPA064640_SBA3_rep1,38,0.12624584717607973,0.01548904128255592
HPA067249_SBA3_rep1,42,0.13953488372093023,0.003861183442026091
HPA036287_SBA3_rep1,267,0.8870431893687708,0.13420087794634808
HPA069094_SBA3_rep1,52,0.17275747508305647,0.011496319452031492
HPA072480_SBA3_rep1,53,0.1760797342192691,0.03836001715504861
HPA042441_SBA3_rep1,55,0.18272425249169436,0.008080196107832853
HPA042991_SBA3_rep1,74,0.24584717607973422,0.010505842645028513
HPA047151_SBA3_rep1,76,0.25249169435215946,0.005678568275384472
HPA049838_SBA3_rep1,61,0.2026578073089701,0.010460740356873907
HPA053903_SBA3_rep1,61,0.2026578073089701,0.13335997707507374
HPA058561_SBA3_rep1,46,0.15282392026578073,0.03983297532029737
HPA060715_SBA3_rep1,41,0.1362126245847176,0.005881626108136689
HPA065025_SBA3_rep1,31,0.10299003322259136,0.00632748647471208
HPA067252_SBA3_rep1,36,0.11960132890365449,0.007189151239223079
HPA071220_SBA3_rep1,34,0.11295681063122924,0.008320271317315909
HPA069693_SBA3_rep1,26,0.08637873754152824,0.0051764396860525565
HPA073100_SBA3_rep1,39,0.12956810631229235,0.006798920998673352
HPA042581_SBA3_rep1,42,0.13953488372093023,0.006081175963700857
HPA045654_SBA3_rep1,51,0.16943521594684385,0.005297432514189639
HPA047139_SBA3_rep1,80,0.26578073089701,0.0059798767477889
HPA050092_SBA3_rep1,86,0.2857142857142857,0.0037141385449731435
HPA054030_SBA3_rep1,56,0.18604651162790697,0.007960387036691689
HPA059155_SBA3_rep1,62,0.2059800664451827,0.010426270392480846
HPA059130_SBA3_rep1,43,0.14285714285714285,0.038568470506078915
HPA063285_SBA3_rep1,45,0.14950166112956811,0.014983836970453702
HPA065908_SBA3_rep1,38,0.12624584717607973,0.006893845215506514
HPA070952_SBA3_rep1,47,0.15614617940199335,0.004846859609721391
HPA067522_SBA3_rep1,68,0.22591362126245848,0.007787938623566672
HPA069175_SBA3_rep1,51,0.16943521594684385,0.011101836435051334
HPA073315_SBA3_rep1,262,0.8704318936877077,0.6629336791380528
HPA055244_SBA3_rep1,87,0.28903654485049834,0.010059910455496717
HPA040842_SBA3_rep1,46,0.15282392026578073,0.0125289823017658
HPA041790_SBA3_rep1,62,0.2059800664451827,0.011775170732601474
HPA004190_SBA3_rep1,58,0.19269102990033224,0.0061057706742067164
HPA044620_SBA3_rep1,21,0.06976744186046512,0.017351449989369366
HPA044895_SBA3_rep1,90,0.29900332225913623,0.01770576580215057
HPA006880_SBA3_rep1,34,0.11295681063122924,0.018702620227040372
HPA047248_SBA3_rep1,54,0.17940199335548174,0.008607604111725868
HPA049447_SBA3_rep1,42,0.13953488372093023,0.0097381896691209
HPA051244_SBA3_rep1,16,0.053156146179401995,0.0057478697848712835
HPA053149_SBA3_rep1,34,0.11295681063122924,0.0311799005570876
HPA073843_SBA3_rep1,101,0.33554817275747506,0.040951422500087716
HPA055767_SBA3_rep1,123,0.40863787375415284,0.019801947850509566
HPA041863_SBA3_rep1,201,0.6677740863787376,0.0655595405149622
HPA004712_SBA3_rep1,198,0.6578073089700996,0.060437040383629216
HPA043605_SBA3_rep1,108,0.3588039867109635,0.025392772793685497
HPA044605_SBA3_rep1,75,0.24916943521594684,0.00867093201651086
HPA044849_SBA3_rep1,78,0.2591362126245847,0.007486093334485752
HPA007266_SBA3_rep1,41,0.1362126245847176,0.005269186649928149
HPA047729_SBA3_rep1,89,0.2956810631229236,0.02847935653397444
HPA049749_SBA3_rep1,59,0.19601328903654486,0.00993004224634178
HPA051239_SBA3_rep1,28,0.09302325581395349,0.007100714661245823
HPA053470_SBA3_rep1,25,0.08305647840531562,0.018449371525391535
HPA073984_SBA3_rep1,50,0.16611295681063123,0.03823534010727252
HPA002643_SBA3_rep1,34,0.11295681063122924,0.02280384406630425
HPA042705_SBA3_rep1,35,0.11627906976744186,0.020977246107372567
HPA044394_SBA3_rep1,43,0.14285714285714285,0.00990413621600084
HPA044758_SBA3_rep1,40,0.132890365448505,0.02930760321001538
HPA046115_SBA3_rep1,98,0.32558139534883723,0.02906666437244114
HPA046641_SBA3_rep1,51,0.16943521594684385,0.07092737249034588
HPA047739_SBA3_rep1,46,0.15282392026578073,0.006614029989834809
HPA050298_SBA3_rep1,44,0.1461794019933555,0.006591289393258185
HPA051235_SBA3_rep1,34,0.11295681063122924,0.009064236567962448
HPA053761_SBA3_rep1,36,0.11960132890365449,0.026101211254085883
HPA073918_SBA3_rep1,81,0.2691029900332226,0.009060849932604453
HPA055778_SBA3_rep1,85,0.2823920265780731,0.014016343694503478
HPA002815_SBA3_rep1,43,0.14285714285714285,0.007373237964240403
HPA042869_SBA3_rep1,80,0.26578073089701,0.016985998628343924
HPA004471_SBA3_rep1,70,0.23255813953488372,0.008136486758690822
HPA043015_SBA3_rep1,69,0.2292358803986711,0.022137283737719338
HPA045396_SBA3_rep1,92,0.30564784053156147,0.02956013771122769
HPA005731_SBA3_rep1,67,0.22259136212624583,0.03930318588586683
HPA047776_SBA3_rep1,100,0.33222591362126247,0.018998023934329783
HPA050798_SBA3_rep1,64,0.21262458471760798,0.014183392713738594
HPA051370_SBA3_rep1,45,0.14950166112956811,0.034969478534901524
HPA054508_SBA3_rep1,48,0.15946843853820597,0.0448241992250297
HPA056385_SBA3_rep1,36,0.11960132890365449,0.015901515396207624
HPA041487_SBA3_rep1,27,0.08970099667774087,0.006042036852491573
HPA042620_SBA3_rep1,31,0.10299003322259136,0.008137076411902382
HPA004823_SBA3_rep1,55,0.18272425249169436,0.007830737661793243
HPA005724_SBA3_rep1,41,0.1362126245847176,0.012895455640730209
HPA045292_SBA3_rep1,37,0.12292358803986711,0.006363384112864035
HPA006295_SBA3_rep1,57,0.1893687707641196,0.011441652896727416
HPA047917_SBA3_rep1,86,0.2857142857142857,0.0073212749596916725
HPA077663_SBA3_rep1,48,0.15946843853820597,0.007843722275562183
HPA078846_SBA3_rep1,72,0.23920265780730898,0.02711340472110899
HPA074835_SBA3_rep1,88,0.292358803986711,0.04963410537781156
HPA056478_SBA3_rep1,102,0.3388704318936877,0.019165564796127528
HPA002868_SBA3_rep1,37,0.12292358803986711,0.0033534059331221575
HPA004132_SBA3_rep1,40,0.132890365448505,0.004390512201022794
HPA042935_SBA3_rep1,73,0.2425249169435216,0.00856747885302189
HPA045205_SBA3_rep1,45,0.14950166112956811,0.006558371983035564
HPA046269_SBA3_rep1,48,0.15946843853820597,0.007733211442932786
HPA004177_SBA4_rep1,7,0.023255813953488372,0.009770253508171622
HPA007982_SBA4_rep1,205,0.6810631229235881,0.005579967495651776
HPA010081_SBA4_rep1,4,0.013289036544850499,0.004793930717384493
HPA012930_SBA4_rep1,5,0.016611295681063124,0.006323687497876431
HPA019511_SBA4_rep1,32,0.10631229235880399,0.13289238448485513
HPA024575_SBA4_rep1,135,0.4485049833887043,0.023396915155519598
HPA028190_SBA4_rep1,256,0.8504983388704319,0.017888556668598884
HPA001526_SBA4_rep1,275,0.9136212624584718,0.022176985448258756
HPA002021_SBA4_rep1,165,0.5481727574750831,0.01773113938635235
HPA007714_SBA4_rep1,9,0.029900332225913623,0.019802423132633837
HPA013390_SBA4_rep1,280,0.9302325581395349,0.0031506190252410292
HPA028657_SBA4_rep1,202,0.6710963455149501,0.019917095703794338
HPA001611_SBA4_rep1,111,0.3687707641196013,0.014443179645317916
HPA007316_SBA4_rep1,269,0.893687707641196,0.010287459049802567
HPA008128_SBA4_rep1,281,0.9335548172757475,0.015162053005858284
HPA013316_SBA4_rep1,107,0.3554817275747508,0.033993097076699896
HPA064736_SBA4_rep1,158,0.5249169435215947,0.0176140349345573
HPA025030_SBA4_rep1,10,0.03322259136212625,0.01354633817926235
HPA029270_SBA4_rep1,8,0.026578073089700997,0.07015714546775836
HPA035248_SBA4_rep1,48,0.15946843853820597,0.030556842080364167
HPA002695_SBA4_rep1,118,0.3920265780730897,0.10690473694761167
HPA007427_SBA4_rep1,236,0.7840531561461794,0.0188638928619652
HPA008813_SBA4_rep1,92,0.30564784053156147,0.017971175351613793
HPA010953_SBA4_rep1,111,0.3687707641196013,0.008738386537456198
HPA014155_SBA4_rep1,27,0.08970099667774087,0.02464667332127261
HPA030521_SBA4_rep1,23,0.07641196013289037,0.013107752040195372
HPA001373_SBA4_rep1,205,0.6810631229235881,0.014644762375006672
HPA006666_SBA4_rep1,284,0.9435215946843853,0.02500923580720759
HPA008880_SBA4_rep1,224,0.7441860465116279,0.011600637204788603
HPA015109_SBA4_rep1,281,0.9335548172757475,0.010169749373448151
HPA027526_SBA4_rep1,185,0.6146179401993356,0.08073062960491821
HPA030497_SBA4_rep1,7,0.023255813953488372,0.0056741903270623745
HPA035029_SBA4_rep1,172,0.5714285714285714,0.007568320123092234
HPA003157_SBA4_rep1,255,0.8471760797342193,0.009743440662163289
HPA001888_SBA4_rep1,61,0.2026578073089701,0.05484726488652109
HPA004248_SBA4_rep1,105,0.3488372093023256,0.015513068237114704
HPA006983_SBA4_rep1,24,0.07973421926910298,0.019781327332221443
HPA008918_SBA4_rep1,105,0.3488372093023256,0.016573904665249255
Empty_SBA4_rep1,9,0.029900332225913623,0.020667663757735374
HPA003925_SBA4_rep1,22,0.07308970099667775,0.008653780468800146
HPA004252_SBA4_rep1,3,0.009966777408637873,0.015239764115098055
HPA006965_SBA4_rep1,1,0.0033222591362126247,0.0053360843211453235
HPA008823_SBA4_rep1,1,0.0033222591362126247,0.004246442360788971
HPA012306_SBA4_rep1,1,0.0033222591362126247,0.004562796194617801
HPA015236_SBA4_rep1,237,0.7873754152823921,0.04278476615102024
HPA023371_SBA4_rep1,5,0.016611295681063124,0.004780096968403223
HPA027999_SBA4_rep1,18,0.059800664451827246,0.007671820312136967
HPA035434_SBA4_rep1,14,0.046511627906976744,0.0072267491890469215
HPA035715_SBA4_rep1,10,0.03322259136212625,0.011397099868995354
HPA001671_SBA4_rep1,8,0.026578073089700997,0.008565678674709528
HPA005825_SBA4_rep1,4,0.013289036544850499,0.004625902000901406
HPA004478_SBA4_rep1,2,0.006644518272425249,0.003051699135779854
HPA007637_SBA4_rep1,2,0.006644518272425249,0.006738617811564651
HPA008992_SBA4_rep1,6,0.019933554817275746,0.005690284592998634
HPA013159_SBA4_rep1,1,0.0033222591362126247,0.00845475610661057
HPA014355_SBA4_rep1,4,0.013289036544850499,0.00429889668021294
HPA023739_SBA4_rep1,9,0.029900332225913623,0.12591719431221818
HPA028105_SBA4_rep1,8,0.026578073089700997,0.012894930288627232
HPA035661_SBA4_rep1,1,0.0033222591362126247,0.006673454695342866
HPA043870_SBA4_rep1,2,0.006644518272425249,0.00460275362676316
HPA063353_SBA4_rep1,4,0.013289036544850499,0.007804762634073169
HPA065537_SBA4_rep1,3,0.009966777408637873,0.005415666598041613
HPA067531_SBA4_rep1,2,0.006644518272425249,0.006016582550436514
HPA070609_SBA4_rep1,2,0.006644518272425249,0.005159517918717866
HPA066440_SBA4_rep1,1,0.0033222591362126247,0.004460428807903754
HPA040652_SBA4_rep1,1,0.0033222591362126247,0.013541898678958867
HPA041471_SBA4_rep1,3,0.009966777408637873,0.005532966405458466
HPA004856_SBA4_rep1,2,0.006644518272425249,0.007605220031227446
HPA042818_SBA4_rep1,2,0.006644518272425249,0.005149803219056577
HPA044105_SBA4_rep1,42,0.13953488372093023,0.020349432597075372
HPA046979_SBA4_rep1,3,0.009966777408637873,0.008284314021083672
HPA051326_SBA4_rep1,4,0.013289036544850499,0.004572540987014034
HPA054246_SBA4_rep1,7,0.023255813953488372,0.023881125249896957
HPA058603_SBA4_rep1,5,0.016611295681063124,0.004920557514331111
HPA064870_SBA4_rep1,3,0.009966777408637873,0.006161027334954846
HPA068907_SBA4_rep1,3,0.009966777408637873,0.0074057841553000865
HPA071007_SBA4_rep1,14,0.046511627906976744,0.013726432743951678
HPA074396_SBA4_rep1,1,0.0033222591362126247,0.010895195873987636
HPA075201_SBA4_rep1,14,0.046511627906976744,0.006740305288934222
HPA079325_SBA4_rep1,2,0.006644518272425249,0.005372035067108069
HPA042555_SBA4_rep1,17,0.05647840531561462,0.008315838250133503
HPA039835_SBA4_rep1,19,0.06312292358803986,0.01729441121384801
HPA047213_SBA4_rep1,11,0.036544850498338874,0.009517407029915144
HPA051702_SBA4_rep1,2,0.006644518272425249,0.01052419228135344
HPA054758_SBA4_rep1,2,0.006644518272425249,0.015131800803669673
HPA060871_SBA4_rep1,7,0.023255813953488372,0.010923132403708196
HPA066026_SBA4_rep1,7,0.023255813953488372,0.005134330310131513
HPA069564_SBA4_rep1,12,0.03986710963455149,0.01034169542525093
HPA070003_SBA4_rep1,28,0.09302325581395349,0.009984643442302633
HPA074892_SBA4_rep1,2,0.006644518272425249,0.0058831561187208435
HPA027735_SBA4_rep1,18,0.059800664451827246,0.0074753327106626
HPA031314_SBA4_rep1,2,0.006644518272425249,0.003422479981078566
HPA079570_SBA4_rep1,8,0.026578073089700997,0.005909980331812144
HPA047221_SBA4_rep1,2,0.006644518272425249,0.01509302817252748
HPA051767_SBA4_rep1,10,0.03322259136212625,0.006835551235595267
HPA056003_SBA4_rep1,25,0.08305647840531562,0.037406264330124304
HPA061433_SBA4_rep1,6,0.019933554817275746,0.0066574769829593206
HPA066946_SBA4_rep1,8,0.026578073089700997,0.006478275020726839
HPA069364_SBA4_rep1,21,0.06976744186046512,0.006839978350066979
HPA071263_SBA4_rep1,60,0.19933554817275748,0.006587117207903412
Rabbit.IgG_SBA4_rep1,15,0.04983388704318937,0.033199852495524554
HPA043942_SBA4_rep1,3,0.009966777408637873,0.009029258533456342
HPA048230_SBA4_rep1,1,0.0033222591362126247,0.006320039051461396
HPA051783_SBA4_rep1,1,0.0033222591362126247,0.004353318964305185
HPA056108_SBA4_rep1,1,0.0033222591362126247,0.0031328115531367574
HPA061845_SBA4_rep1,1,0.0033222591362126247,0.00847008219364658
HPA067333_SBA4_rep1,1,0.0033222591362126247,0.008851388315566719
HPA069511_SBA4_rep1,1,0.0033222591362126247,0.010805148218975581
HPA071200_SBA4_rep1,1,0.0033222591362126247,0.009915606168050201
HPA046152_SBA4_rep1,16,0.053156146179401995,0.008489060884027901
HPA049021_SBA4_rep1,3,0.009966777408637873,0.0043853842353270165
HPA053655_SBA4_rep1,82,0.2724252491694352,0.01054877855720406
HPA058460_SBA4_rep1,121,0.4019933554817276,0.13351908588312456
HPA045381_SBA4_rep1,2,0.006644518272425249,0.12080022850974077
HPA048823_SBA4_rep1,1,0.0033222591362126247,0.012875891746444676
HPA052171_SBA4_rep1,1,0.0033222591362126247,0.17462729172180252
HPA056897_SBA4_rep1,1,0.0033222591362126247,0.0030069575079058196
HPA063879_SBA4_rep1,1,0.0033222591362126247,0.009995761375703387
HPA067450_SBA4_rep1,2,0.006644518272425249,0.0079897122601632
HPA070283_SBA4_rep1,1,0.0033222591362126247,0.00645275014569223
HPA071175_SBA4_rep1,1,0.0033222591362126247,0.008837432155189154
HPA046135_SBA4_rep1,5,0.016611295681063124,0.12899855801008892
HPA049145_SBA4_rep1,7,0.023255813953488372,0.023970672553486186
HPA054094_SBA4_rep1,2,0.006644518272425249,0.008350489204109095
HPA058538_SBA4_rep1,1,0.0033222591362126247,0.004095787827287705
HPA046444_SBA4_rep1,2,0.006644518272425249,0.012189043115576894
HPA048884_SBA4_rep1,1,0.0033222591362126247,0.005177877752305268
HPA053433_SBA4_rep1,1,0.0033222591362126247,0.041239601852526626
HPA057596_SBA4_rep1,1,0.0033222591362126247,0.009481212392894943
HPA064145_SBA4_rep1,1,0.0033222591362126247,0.003713637880504997
HPA068464_SBA4_rep1,1,0.0033222591362126247,0.007903556773389312
HPA071026_SBA4_rep1,1,0.0033222591362126247,0.004746681763753998
HPA072575_SBA4_rep1,1,0.0033222591362126247,0.010364177688141882
HPA064300_SBA4_rep1,3,0.009966777408637873,0.013812180197889278
HPA068496_SBA4_rep1,20,0.0664451827242525,0.007831108903318871
HPA070538_SBA4_rep1,1,0.0033222591362126247,0.014175993878017972
HPA067494_SBA4_rep1,5,0.016611295681063124,0.018182948374190853
HPA006295_SBA4_rep1,1,0.0033222591362126247,0.006600395239942456
HPA003404_SBA4_rep1,2,0.006644518272425249,0.009942849716447398
HPA004754_SBA4_rep1,1,0.0033222591362126247,0.010805757154929586
HPA036287_SBA4_rep1,1,0.0033222591362126247,0.00563053679636052
HPA004120_SBA4_rep1,2,0.006644518272425249,0.006792045212103163
HPA006949_SBA4_rep1,1,0.0033222591362126247,0.012644938551888193
HPA018519_SBA4_rep1,1,0.0033222591362126247,0.006409493483770895
HPA029237_SBA4_rep1,4,0.013289036544850499,0.006934780597815364
HPA036336_SBA4_rep1,2,0.006644518272425249,0.0906530295516137
HPA041061_SBA4_rep1,1,0.0033222591362126247,0.008369053491293856
HPA051979_SBA4_rep1,3,0.009966777408637873,0.010024821818461864
HPA003049_SBA4_rep1,1,0.0033222591362126247,0.010041926116470173
HPA005997_SBA4_rep1,3,0.009966777408637873,0.011631237680783113
HPA006293_SBA4_rep1,1,0.0033222591362126247,0.6646311747293399
HPA017899_SBA4_rep1,1,0.0033222591362126247,0.0035261172602844147
HPA029145_SBA4_rep1,2,0.006644518272425249,0.010594506178550874
HPA035832_SBA4_rep1,2,0.006644518272425249,0.007229296082152773
HPA041086_SBA4_rep1,1,0.0033222591362126247,0.006494004238796889
HPA019259_SBA4_rep1,1,0.0033222591362126247,0.006663325379608511
HPA029957_SBA4_rep1,7,0.023255813953488372,0.011178479488567799
HPA036655_SBA4_rep1,1,0.0033222591362126247,0.008862495385628118
HPA041183_SBA4_rep1,2,0.006644518272425249,0.015357483186692087
HPA054825_SBA4_rep1,5,0.016611295681063124,0.007662961235692666
HPA001061_SBA4_rep1,10,0.03322259136212625,0.037480760069034134
HPA027806_SBA4_rep1,4,0.013289036544850499,0.010982344459234869
HPA002832_SBA4_rep1,2,0.006644518272425249,0.007326662495567381
HPA043475_SBA4_rep1,3,0.009966777408637873,0.025135466140193723
HPA064734_SBA4_rep1,2,0.006644518272425249,0.012780901645915228
HPA068364_SBA4_rep1,3,0.009966777408637873,0.003450019752708157
HPA071067_SBA4_rep1,1,0.0033222591362126247,0.005425110604644993
HPA073310_SBA4_rep1,2,0.006644518272425249,0.010271421884118994
HPA076029_SBA4_rep1,44,0.1461794019933555,0.024199758062574784
HPA001538_SBA4_rep1,3,0.009966777408637873,0.010341844642705881
HPA002740_SBA4_rep1,44,0.1461794019933555,0.011308741415977812
HPA014326_SBA4_rep1,5,0.016611295681063124,0.01748053707936638
HPA024468_SBA4_rep1,133,0.4418604651162791,0.06890799580924202
HPA035147_SBA4_rep1,9,0.029900332225913623,0.00567965801329687
HPA040126_SBA4_rep1,3,0.009966777408637873,0.004679726931607352
HPA041994_SBA4_rep1,5,0.016611295681063124,0.004242130913669403
HPA043761_SBA4_rep1,31,0.10299003322259136,0.005326084587536758
HPA046428_SBA4_rep1,42,0.13953488372093023,0.008649320551071317
HPA047881_SBA4_rep1,52,0.17275747508305647,0.012027655898370336
HPA050884_SBA4_rep1,43,0.14285714285714285,0.008942443641650595
HPA001522_SBA4_rep1,125,0.4152823920265781,0.03430400127098024
HPA006741_SBA4_rep1,12,0.03986710963455149,0.005664326831483931
HPA017957_SBA4_rep1,4,0.013289036544850499,0.0037398005460361813
HPA026430_SBA4_rep1,281,0.9335548172757475,0.02979352584907713
HPA032001_SBA4_rep1,5,0.016611295681063124,0.005580240691620666
HPA040719_SBA4_rep1,7,0.023255813953488372,0.0043655647957414655
HPA042131_SBA4_rep1,21,0.06976744186046512,0.005826139153501196
HPA044186_SBA4_rep1,11,0.036544850498338874,0.006618075192219883
HPA046419_SBA4_rep1,6,0.019933554817275746,0.006131983677749723
HPA049320_SBA4_rep1,5,0.016611295681063124,0.0066526757337178975
HPA051620_SBA4_rep1,9,0.029900332225913623,0.007450217772598175
HPA054862_SBA4_rep1,90,0.29900332225913623,0.009805053708199712
HPA003901_SBA4_rep1,38,0.12624584717607973,0.02255929160052612
HPA035863_SBA4_rep1,5,0.016611295681063124,0.006377821690984576
HPA040052_SBA4_rep1,18,0.059800664451827246,0.006605957590579155
HPA041542_SBA4_rep1,21,0.06976744186046512,0.007789331923444327
HPA044582_SBA4_rep1,19,0.06312292358803986,0.012661366304245
HPA045702_SBA4_rep1,14,0.046511627906976744,0.006746316817425955
HPA048982_SBA4_rep1,62,0.2059800664451827,0.009233375256267327
